{"cameraMode":{"drawMode":0,"name":"Shaded","section":"Shading Mode"},"sceneLighting":true,"audioPlay":false,"sceneViewState":{"m_AlwaysRefresh":true,"showFog":true,"showSkybox":true,"showFlares":true,"showImageEffects":true,"showParticleSystems":true,"showVisualEffectGraphs":true,"m_FxEnabled":true},"in2DMode":false,"pivot":{"x":2.6916725635528566,"y":7.304496765136719,"z":0.5965471267700195},"rotation":{"x":-0.007668674923479557,"y":-0.7948076128959656,"z":0.6077380180358887,"w":-0.009244798682630062},"size":37.30646896362305,"orthographic":false}